--
-- PostgreSQL database dump
--

-- Dumped from database version 16.1 (Debian 16.1-1.pgdg120+1)
-- Dumped by pg_dump version 16.2 (Homebrew)

SET statement_timeout = 0;
SET lock_timeout = 0;
SET idle_in_transaction_session_timeout = 0;
SET client_encoding = 'UTF8';
SET standard_conforming_strings = on;
SELECT pg_catalog.set_config('search_path', '', false);
SET check_function_bodies = false;
SET xmloption = content;
SET client_min_messages = warning;
SET row_security = off;

--
-- Name: uuid-ossp; Type: EXTENSION; Schema: -; Owner: -
--

CREATE EXTENSION IF NOT EXISTS "uuid-ossp" WITH SCHEMA public;


--
-- Name: EXTENSION "uuid-ossp"; Type: COMMENT; Schema: -; Owner: 
--

COMMENT ON EXTENSION "uuid-ossp" IS 'generate universally unique identifiers (UUIDs)';


SET default_tablespace = '';

SET default_table_access_method = heap;

--
-- Name: about; Type: TABLE; Schema: public; Owner: postgres
--

CREATE TABLE public.about (
    id uuid DEFAULT public.uuid_generate_v4() NOT NULL,
    title text NOT NULL,
    description text,
    image text NOT NULL,
    created timestamp with time zone DEFAULT now()
);


ALTER TABLE public.about OWNER TO postgres;

--
-- Name: assets; Type: TABLE; Schema: public; Owner: postgres
--

CREATE TABLE public.assets (
    id uuid DEFAULT public.uuid_generate_v4() NOT NULL,
    title text NOT NULL,
    content text NOT NULL,
    created timestamp with time zone DEFAULT now()
);


ALTER TABLE public.assets OWNER TO postgres;

--
-- Name: auth_group; Type: TABLE; Schema: public; Owner: postgres
--

CREATE TABLE public.auth_group (
    id integer NOT NULL,
    name character varying(150) NOT NULL
);


ALTER TABLE public.auth_group OWNER TO postgres;

--
-- Name: auth_group_id_seq; Type: SEQUENCE; Schema: public; Owner: postgres
--

ALTER TABLE public.auth_group ALTER COLUMN id ADD GENERATED BY DEFAULT AS IDENTITY (
    SEQUENCE NAME public.auth_group_id_seq
    START WITH 1
    INCREMENT BY 1
    NO MINVALUE
    NO MAXVALUE
    CACHE 1
);


--
-- Name: auth_group_permissions; Type: TABLE; Schema: public; Owner: postgres
--

CREATE TABLE public.auth_group_permissions (
    id bigint NOT NULL,
    group_id integer NOT NULL,
    permission_id integer NOT NULL
);


ALTER TABLE public.auth_group_permissions OWNER TO postgres;

--
-- Name: auth_group_permissions_id_seq; Type: SEQUENCE; Schema: public; Owner: postgres
--

ALTER TABLE public.auth_group_permissions ALTER COLUMN id ADD GENERATED BY DEFAULT AS IDENTITY (
    SEQUENCE NAME public.auth_group_permissions_id_seq
    START WITH 1
    INCREMENT BY 1
    NO MINVALUE
    NO MAXVALUE
    CACHE 1
);


--
-- Name: auth_permission; Type: TABLE; Schema: public; Owner: postgres
--

CREATE TABLE public.auth_permission (
    id integer NOT NULL,
    name character varying(255) NOT NULL,
    content_type_id integer NOT NULL,
    codename character varying(100) NOT NULL
);


ALTER TABLE public.auth_permission OWNER TO postgres;

--
-- Name: auth_permission_id_seq; Type: SEQUENCE; Schema: public; Owner: postgres
--

ALTER TABLE public.auth_permission ALTER COLUMN id ADD GENERATED BY DEFAULT AS IDENTITY (
    SEQUENCE NAME public.auth_permission_id_seq
    START WITH 1
    INCREMENT BY 1
    NO MINVALUE
    NO MAXVALUE
    CACHE 1
);


--
-- Name: auth_user; Type: TABLE; Schema: public; Owner: postgres
--

CREATE TABLE public.auth_user (
    id integer NOT NULL,
    password character varying(128) NOT NULL,
    last_login timestamp with time zone,
    is_superuser boolean NOT NULL,
    username character varying(150) NOT NULL,
    first_name character varying(150) NOT NULL,
    last_name character varying(150) NOT NULL,
    email character varying(254) NOT NULL,
    is_staff boolean NOT NULL,
    is_active boolean NOT NULL,
    date_joined timestamp with time zone NOT NULL
);


ALTER TABLE public.auth_user OWNER TO postgres;

--
-- Name: auth_user_groups; Type: TABLE; Schema: public; Owner: postgres
--

CREATE TABLE public.auth_user_groups (
    id bigint NOT NULL,
    user_id integer NOT NULL,
    group_id integer NOT NULL
);


ALTER TABLE public.auth_user_groups OWNER TO postgres;

--
-- Name: auth_user_groups_id_seq; Type: SEQUENCE; Schema: public; Owner: postgres
--

ALTER TABLE public.auth_user_groups ALTER COLUMN id ADD GENERATED BY DEFAULT AS IDENTITY (
    SEQUENCE NAME public.auth_user_groups_id_seq
    START WITH 1
    INCREMENT BY 1
    NO MINVALUE
    NO MAXVALUE
    CACHE 1
);


--
-- Name: auth_user_id_seq; Type: SEQUENCE; Schema: public; Owner: postgres
--

ALTER TABLE public.auth_user ALTER COLUMN id ADD GENERATED BY DEFAULT AS IDENTITY (
    SEQUENCE NAME public.auth_user_id_seq
    START WITH 1
    INCREMENT BY 1
    NO MINVALUE
    NO MAXVALUE
    CACHE 1
);


--
-- Name: auth_user_user_permissions; Type: TABLE; Schema: public; Owner: postgres
--

CREATE TABLE public.auth_user_user_permissions (
    id bigint NOT NULL,
    user_id integer NOT NULL,
    permission_id integer NOT NULL
);


ALTER TABLE public.auth_user_user_permissions OWNER TO postgres;

--
-- Name: auth_user_user_permissions_id_seq; Type: SEQUENCE; Schema: public; Owner: postgres
--

ALTER TABLE public.auth_user_user_permissions ALTER COLUMN id ADD GENERATED BY DEFAULT AS IDENTITY (
    SEQUENCE NAME public.auth_user_user_permissions_id_seq
    START WITH 1
    INCREMENT BY 1
    NO MINVALUE
    NO MAXVALUE
    CACHE 1
);


--
-- Name: authtoken_token; Type: TABLE; Schema: public; Owner: postgres
--

CREATE TABLE public.authtoken_token (
    key character varying(40) NOT NULL,
    created timestamp with time zone NOT NULL,
    user_id integer NOT NULL
);


ALTER TABLE public.authtoken_token OWNER TO postgres;

--
-- Name: django_admin_log; Type: TABLE; Schema: public; Owner: postgres
--

CREATE TABLE public.django_admin_log (
    id integer NOT NULL,
    action_time timestamp with time zone NOT NULL,
    object_id text,
    object_repr character varying(200) NOT NULL,
    action_flag smallint NOT NULL,
    change_message text NOT NULL,
    content_type_id integer,
    user_id integer NOT NULL,
    CONSTRAINT django_admin_log_action_flag_check CHECK ((action_flag >= 0))
);


ALTER TABLE public.django_admin_log OWNER TO postgres;

--
-- Name: django_admin_log_id_seq; Type: SEQUENCE; Schema: public; Owner: postgres
--

ALTER TABLE public.django_admin_log ALTER COLUMN id ADD GENERATED BY DEFAULT AS IDENTITY (
    SEQUENCE NAME public.django_admin_log_id_seq
    START WITH 1
    INCREMENT BY 1
    NO MINVALUE
    NO MAXVALUE
    CACHE 1
);


--
-- Name: django_content_type; Type: TABLE; Schema: public; Owner: postgres
--

CREATE TABLE public.django_content_type (
    id integer NOT NULL,
    app_label character varying(100) NOT NULL,
    model character varying(100) NOT NULL
);


ALTER TABLE public.django_content_type OWNER TO postgres;

--
-- Name: django_content_type_id_seq; Type: SEQUENCE; Schema: public; Owner: postgres
--

ALTER TABLE public.django_content_type ALTER COLUMN id ADD GENERATED BY DEFAULT AS IDENTITY (
    SEQUENCE NAME public.django_content_type_id_seq
    START WITH 1
    INCREMENT BY 1
    NO MINVALUE
    NO MAXVALUE
    CACHE 1
);


--
-- Name: django_migrations; Type: TABLE; Schema: public; Owner: postgres
--

CREATE TABLE public.django_migrations (
    id bigint NOT NULL,
    app character varying(255) NOT NULL,
    name character varying(255) NOT NULL,
    applied timestamp with time zone NOT NULL
);


ALTER TABLE public.django_migrations OWNER TO postgres;

--
-- Name: django_migrations_id_seq; Type: SEQUENCE; Schema: public; Owner: postgres
--

ALTER TABLE public.django_migrations ALTER COLUMN id ADD GENERATED BY DEFAULT AS IDENTITY (
    SEQUENCE NAME public.django_migrations_id_seq
    START WITH 1
    INCREMENT BY 1
    NO MINVALUE
    NO MAXVALUE
    CACHE 1
);


--
-- Name: django_session; Type: TABLE; Schema: public; Owner: postgres
--

CREATE TABLE public.django_session (
    session_key character varying(40) NOT NULL,
    session_data text NOT NULL,
    expire_date timestamp with time zone NOT NULL
);


ALTER TABLE public.django_session OWNER TO postgres;

--
-- Name: products; Type: TABLE; Schema: public; Owner: postgres
--

CREATE TABLE public.products (
    id uuid DEFAULT public.uuid_generate_v4() NOT NULL,
    name text NOT NULL,
    description text,
    price numeric(10,2) NOT NULL,
    image text NOT NULL,
    created timestamp with time zone DEFAULT now()
);


ALTER TABLE public.products OWNER TO postgres;

--
-- Data for Name: about; Type: TABLE DATA; Schema: public; Owner: postgres
--

COPY public.about (id, title, description, image, created) FROM stdin;
bfa8d5a9-fdec-45d6-9a03-5da5ccd8ea3d	Our Mission and Vision	Primal Formulas was established with a singular vision: to help individuals reach their performance potential and improve their health through the power of nature. We believe that by returning to our roots and utilising the natural nourishment that organ meats provide, our customers can lead more vibrant, active lives.	https://www.primalformulas.ie/images/about/https://d3o4nf60ihcs04.cloudfront.net/images/kerry.jpeg	2024-03-02 15:55:33.118978+00
432bce35-ed65-4035-b08f-cb301699a0aa	Irish Heritage, Superior Quality	Rooted in Ireland, we proudly source our supplements from high-quality, desiccated organ meats, all from animals that are grass-fed and finished in Ireland's lush green pastures. This commitment to quality and our homeland ensures our products are free from artificial hormones and antibiotics, delivering only the best nutrients to our customers.	https://www.primalformulas.ie/images/about/https://d3o4nf60ihcs04.cloudfront.net/images/cows.jpeg	2024-03-02 15:56:01.357754+00
6eed8c59-606d-42a4-a12d-4f61a33829b7	Tradition and Science	At Primal Formulas, we strive to blend the best of ancestral traditions with modern scientific techniques. Our goal is to unlock the health benefits of nature through rigorous testing and research, ensuring the delivery of superior quality products that effectively improve health.	https://www.primalformulas.ie/images/about/https://primalformulas-bucket.s3.eu-west-1.amazonaws.com/images/liver.jpeg	2024-03-02 15:56:13.717433+00
4c1d5d9e-b5d6-4108-841f-be099777ede9	Why Primal Formulas Exists	We exist because we believe in the power of organ meats to deliver exceptional nutrition. Our commitment is to help our customers lead healthier lives by providing them with the best quality supplements. Your well-being is our top priority, and we're here to guide you on your journey to better health.	https://www.primalformulas.ie/images/about/https://d3o4nf60ihcs04.cloudfront.net/images/excercise.jpeg	2024-03-02 15:56:40.269515+00
\.


--
-- Data for Name: assets; Type: TABLE DATA; Schema: public; Owner: postgres
--

COPY public.assets (id, title, content, created) FROM stdin;
\.


--
-- Data for Name: auth_group; Type: TABLE DATA; Schema: public; Owner: postgres
--

COPY public.auth_group (id, name) FROM stdin;
\.


--
-- Data for Name: auth_group_permissions; Type: TABLE DATA; Schema: public; Owner: postgres
--

COPY public.auth_group_permissions (id, group_id, permission_id) FROM stdin;
\.


--
-- Data for Name: auth_permission; Type: TABLE DATA; Schema: public; Owner: postgres
--

COPY public.auth_permission (id, name, content_type_id, codename) FROM stdin;
1	Can add log entry	1	add_logentry
2	Can change log entry	1	change_logentry
3	Can delete log entry	1	delete_logentry
4	Can view log entry	1	view_logentry
5	Can add permission	2	add_permission
6	Can change permission	2	change_permission
7	Can delete permission	2	delete_permission
8	Can view permission	2	view_permission
9	Can add group	3	add_group
10	Can change group	3	change_group
11	Can delete group	3	delete_group
12	Can view group	3	view_group
13	Can add user	4	add_user
14	Can change user	4	change_user
15	Can delete user	4	delete_user
16	Can view user	4	view_user
17	Can add content type	5	add_contenttype
18	Can change content type	5	change_contenttype
19	Can delete content type	5	delete_contenttype
20	Can view content type	5	view_contenttype
21	Can add session	6	add_session
22	Can change session	6	change_session
23	Can delete session	6	delete_session
24	Can view session	6	view_session
25	Can add products	7	add_products
26	Can change products	7	change_products
27	Can delete products	7	delete_products
28	Can view products	7	view_products
29	Can add assets	8	add_assets
30	Can change assets	8	change_assets
31	Can delete assets	8	delete_assets
32	Can view assets	8	view_assets
33	Can add about	9	add_about
34	Can change about	9	change_about
35	Can delete about	9	delete_about
36	Can view about	9	view_about
37	Can add Token	10	add_token
38	Can change Token	10	change_token
39	Can delete Token	10	delete_token
40	Can view Token	10	view_token
41	Can add Token	11	add_tokenproxy
42	Can change Token	11	change_tokenproxy
43	Can delete Token	11	delete_tokenproxy
44	Can view Token	11	view_tokenproxy
45	Can add product	7	add_product
46	Can change product	7	change_product
47	Can delete product	7	delete_product
48	Can view product	7	view_product
49	Can add asset	8	add_asset
50	Can change asset	8	change_asset
51	Can delete asset	8	delete_asset
52	Can view asset	8	view_asset
\.


--
-- Data for Name: auth_user; Type: TABLE DATA; Schema: public; Owner: postgres
--

COPY public.auth_user (id, password, last_login, is_superuser, username, first_name, last_name, email, is_staff, is_active, date_joined) FROM stdin;
1	pbkdf2_sha256$720000$R19ieVQPMIcsJ1AtpfEPxi$VoQJD/B1EXWLTY34tA71JbI3RBkQMNLPxVXl8SBV6so=	2024-03-30 20:45:59.806672+00	t	seanwelch			seanwelch51199@icloud.com	t	t	2024-03-27 15:12:30.840385+00
\.


--
-- Data for Name: auth_user_groups; Type: TABLE DATA; Schema: public; Owner: postgres
--

COPY public.auth_user_groups (id, user_id, group_id) FROM stdin;
\.


--
-- Data for Name: auth_user_user_permissions; Type: TABLE DATA; Schema: public; Owner: postgres
--

COPY public.auth_user_user_permissions (id, user_id, permission_id) FROM stdin;
\.


--
-- Data for Name: authtoken_token; Type: TABLE DATA; Schema: public; Owner: postgres
--

COPY public.authtoken_token (key, created, user_id) FROM stdin;
e1f3c8933d988fdacf2f6a6b7f6f7e696fad0fe0	2024-04-01 13:57:09.17469+00	1
\.


--
-- Data for Name: django_admin_log; Type: TABLE DATA; Schema: public; Owner: postgres
--

COPY public.django_admin_log (id, action_time, object_id, object_repr, action_flag, change_message, content_type_id, user_id) FROM stdin;
\.


--
-- Data for Name: django_content_type; Type: TABLE DATA; Schema: public; Owner: postgres
--

COPY public.django_content_type (id, app_label, model) FROM stdin;
1	admin	logentry
2	auth	permission
3	auth	group
4	auth	user
5	contenttypes	contenttype
6	sessions	session
9	about	about
10	authtoken	token
11	authtoken	tokenproxy
8	assets	asset
7	products	product
\.


--
-- Data for Name: django_migrations; Type: TABLE DATA; Schema: public; Owner: postgres
--

COPY public.django_migrations (id, app, name, applied) FROM stdin;
1	contenttypes	0001_initial	2024-03-27 15:11:16.681314+00
2	auth	0001_initial	2024-03-27 15:11:16.719841+00
3	admin	0001_initial	2024-03-27 15:11:16.729806+00
4	admin	0002_logentry_remove_auto_add	2024-03-27 15:11:16.732829+00
5	admin	0003_logentry_add_action_flag_choices	2024-03-27 15:11:16.736149+00
6	contenttypes	0002_remove_content_type_name	2024-03-27 15:11:16.744739+00
7	auth	0002_alter_permission_name_max_length	2024-03-27 15:11:16.748585+00
8	auth	0003_alter_user_email_max_length	2024-03-27 15:11:16.752003+00
9	auth	0004_alter_user_username_opts	2024-03-27 15:11:16.754618+00
10	auth	0005_alter_user_last_login_null	2024-03-27 15:11:16.759509+00
11	auth	0006_require_contenttypes_0002	2024-03-27 15:11:16.760558+00
12	auth	0007_alter_validators_add_error_messages	2024-03-27 15:11:16.763715+00
13	auth	0008_alter_user_username_max_length	2024-03-27 15:11:16.768454+00
14	auth	0009_alter_user_last_name_max_length	2024-03-27 15:11:16.77164+00
15	auth	0010_alter_group_name_max_length	2024-03-27 15:11:16.776134+00
16	auth	0011_update_proxy_permissions	2024-03-27 15:11:16.779326+00
17	auth	0012_alter_user_first_name_max_length	2024-03-27 15:11:16.782603+00
18	sessions	0001_initial	2024-03-27 15:11:16.788988+00
19	products	0001_initial	2024-03-27 15:11:55.114444+00
20	about	0001_initial	2024-03-27 15:14:19.925306+00
21	assets	0001_initial	2024-03-27 15:14:19.927835+00
22	assets	0002_alter_assets_options	2024-03-28 16:26:49.521199+00
23	products	0002_alter_products_options	2024-03-28 16:26:49.526787+00
24	about	0002_alter_about_options	2024-03-28 18:06:28.206231+00
25	assets	0003_alter_assets_options	2024-03-28 18:06:28.213502+00
26	authtoken	0001_initial	2024-03-30 08:33:24.804405+00
27	authtoken	0002_auto_20160226_1747	2024-03-30 08:33:24.814972+00
28	authtoken	0003_tokenproxy	2024-03-30 08:33:24.816211+00
29	authtoken	0004_alter_tokenproxy_options	2024-03-30 08:33:24.818188+00
30	about	0003_alter_about_created_alter_about_id	2024-03-30 19:14:41.289508+00
31	assets	0004_alter_assets_created_alter_assets_id	2024-03-30 20:32:32.640953+00
32	products	0003_alter_products_created_alter_products_id	2024-03-30 20:32:32.647299+00
33	assets	0005_rename_assets_asset	2024-03-31 10:49:25.450684+00
34	products	0004_rename_products_product	2024-03-31 10:49:25.459738+00
35	about	0004_alter_about_options_alter_about_image_and_more	2024-04-01 07:22:17.608045+00
36	assets	0006_alter_asset_options_alter_asset_content_and_more	2024-04-01 07:22:17.611844+00
37	products	0005_alter_product_options_alter_product_id_and_more	2024-04-01 07:22:17.617151+00
\.


--
-- Data for Name: django_session; Type: TABLE DATA; Schema: public; Owner: postgres
--

COPY public.django_session (session_key, session_data, expire_date) FROM stdin;
fx9y1xc1axcetql0brlvoodnntyftvy9	.eJxVjMsOwiAQRf-FtSE8ZACX7vsNZIaHVA0kpV0Z_12bdKHbe865LxZwW2vYRl7CnNiFSXb63QjjI7cdpDu2W-ext3WZie8KP-jgU0_5eT3cv4OKo35rpTyiKNkAOgMiS00eyBWTAJwvCOpMQnsdk8QMlqJUnoo11gqbUFv2_gDdVTeu:1rqfaR:pxEPI3IhDYlOa1C1gnXG8cO_zSSzR2r0wj4qydr0cyU	2024-04-13 20:45:59.810072+00
\.


--
-- Data for Name: products; Type: TABLE DATA; Schema: public; Owner: postgres
--

COPY public.products (id, name, description, price, image, created) FROM stdin;
4e3b8f32-e457-4843-91e0-738bd5b57e6b	Gut & Digestion	Promote healthy digestion and optimal gut function with our Gut and Digestion formula. Crafted with pancreas and tripe, this unique blend supports the production of digestive enzymes and stomach acid, aiding in the breakdown and absorption of nutrients. Maintain a healthy gut ecosystem and enhance nutrient assimilation for improved overall well-being. Restore balance and support optimal digestion, allowing your body to extract maximum nourishment from the foods you consume. Experience the benefits of a well-functioning digestive system with our Gut and Digestion supplement.	39.99	https://d3o4nf60ihcs04.cloudfront.net/images/digestion.png	2024-02-26 22:00:24.325758+00
93810ec5-ee33-4e4d-a93e-1a994d55792d	Male Optimisation Formula	Our Male Reproductive Formula is specifically designed to support male virility and overall reproductive health. Harnessing the power of testicles, prostate, and liver, this formula provides a rich source of micronutrients and bioactive peptides. Enhance energy levels, promote hormonal balance, and support optimal reproductive function. Unlock your full potential and experience peak performance with our targeted formula tailored to men's unique needs. Maximize your vitality and achieve your goals with our Male Reproductive Formula.	44.99	https://d3o4nf60ihcs04.cloudfront.net/images/maleformula.png	2024-02-26 22:02:48.681629+00
8005f6db-8250-46d0-a25c-ddbc5ae25178	Female Optimisation Formula	Nurture your feminine vitality with our Female Reproductive Formula. Carefully crafted with uterus, ovaries, and liver, this formula is designed to support women's reproductive health and overall well-being. Experience the benefits of targeted micronutrients and bioactive compounds that aid in hormonal balance and optimize female reproductive function. Boost energy levels, promote vitality, and embrace your full potential. Empower your body with the essential nutrients it needs to thrive and flourish. Discover the transformative power of our Female Reproductive Formula.	44.99	https://www.primalformulas.ie/images/products/https://d3o4nf60ihcs04.cloudfront.net/images/femaleformula.png	2024-02-29 13:17:08.653023+00
baa39758-7db1-42b9-be4e-e70e8492568a	Test Product	This Production is for Test Purchases only	39.99	https://www.primalformulas.ie/images/products/https://d3o4nf60ihcs04.cloudfront.net/images/logo.png	2024-02-29 13:36:53.50253+00
fbda0322-1ee2-4c67-8bb5-a89708fc0955	Test Product	This Production is for Test Purchases only	45.99	https://www.primalformulas.ie/images/products/https://d3o4nf60ihcs04.cloudfront.net/images/logo.png	2024-02-29 13:37:00.295199+00
d24bd1c4-6eab-41ac-94c1-1f26c217cdc9	The Multivitamin	Our flagship product, the Multivitamin, is a powerful blend containing liver and bone marrow to provide you with a comprehensive array of essential micronutrients. Designed to enhance nutrient absorption and uptake, this formula supports overall health and well-being. With a potent combination of key vitamins, minerals, and bioactive compounds, our Multivitamin helps bridge the nutritional gaps in your diet, promoting optimal vitality and vitality. Fuel your body with the necessary building blocks for enhanced energy, immune function, and overall vitality.	39.99	https://d3o4nf60ihcs04.cloudfront.net/images/multivitamin.png	2024-03-02 16:02:09.142902+00
\.


--
-- Name: auth_group_id_seq; Type: SEQUENCE SET; Schema: public; Owner: postgres
--

SELECT pg_catalog.setval('public.auth_group_id_seq', 1, false);


--
-- Name: auth_group_permissions_id_seq; Type: SEQUENCE SET; Schema: public; Owner: postgres
--

SELECT pg_catalog.setval('public.auth_group_permissions_id_seq', 1, false);


--
-- Name: auth_permission_id_seq; Type: SEQUENCE SET; Schema: public; Owner: postgres
--

SELECT pg_catalog.setval('public.auth_permission_id_seq', 52, true);


--
-- Name: auth_user_groups_id_seq; Type: SEQUENCE SET; Schema: public; Owner: postgres
--

SELECT pg_catalog.setval('public.auth_user_groups_id_seq', 1, false);


--
-- Name: auth_user_id_seq; Type: SEQUENCE SET; Schema: public; Owner: postgres
--

SELECT pg_catalog.setval('public.auth_user_id_seq', 1, true);


--
-- Name: auth_user_user_permissions_id_seq; Type: SEQUENCE SET; Schema: public; Owner: postgres
--

SELECT pg_catalog.setval('public.auth_user_user_permissions_id_seq', 1, false);


--
-- Name: django_admin_log_id_seq; Type: SEQUENCE SET; Schema: public; Owner: postgres
--

SELECT pg_catalog.setval('public.django_admin_log_id_seq', 1, false);


--
-- Name: django_content_type_id_seq; Type: SEQUENCE SET; Schema: public; Owner: postgres
--

SELECT pg_catalog.setval('public.django_content_type_id_seq', 11, true);


--
-- Name: django_migrations_id_seq; Type: SEQUENCE SET; Schema: public; Owner: postgres
--

SELECT pg_catalog.setval('public.django_migrations_id_seq', 37, true);


--
-- Name: about about_pkey; Type: CONSTRAINT; Schema: public; Owner: postgres
--

ALTER TABLE ONLY public.about
    ADD CONSTRAINT about_pkey PRIMARY KEY (id);


--
-- Name: assets assets_pkey; Type: CONSTRAINT; Schema: public; Owner: postgres
--

ALTER TABLE ONLY public.assets
    ADD CONSTRAINT assets_pkey PRIMARY KEY (id);


--
-- Name: auth_group auth_group_name_key; Type: CONSTRAINT; Schema: public; Owner: postgres
--

ALTER TABLE ONLY public.auth_group
    ADD CONSTRAINT auth_group_name_key UNIQUE (name);


--
-- Name: auth_group_permissions auth_group_permissions_group_id_permission_id_0cd325b0_uniq; Type: CONSTRAINT; Schema: public; Owner: postgres
--

ALTER TABLE ONLY public.auth_group_permissions
    ADD CONSTRAINT auth_group_permissions_group_id_permission_id_0cd325b0_uniq UNIQUE (group_id, permission_id);


--
-- Name: auth_group_permissions auth_group_permissions_pkey; Type: CONSTRAINT; Schema: public; Owner: postgres
--

ALTER TABLE ONLY public.auth_group_permissions
    ADD CONSTRAINT auth_group_permissions_pkey PRIMARY KEY (id);


--
-- Name: auth_group auth_group_pkey; Type: CONSTRAINT; Schema: public; Owner: postgres
--

ALTER TABLE ONLY public.auth_group
    ADD CONSTRAINT auth_group_pkey PRIMARY KEY (id);


--
-- Name: auth_permission auth_permission_content_type_id_codename_01ab375a_uniq; Type: CONSTRAINT; Schema: public; Owner: postgres
--

ALTER TABLE ONLY public.auth_permission
    ADD CONSTRAINT auth_permission_content_type_id_codename_01ab375a_uniq UNIQUE (content_type_id, codename);


--
-- Name: auth_permission auth_permission_pkey; Type: CONSTRAINT; Schema: public; Owner: postgres
--

ALTER TABLE ONLY public.auth_permission
    ADD CONSTRAINT auth_permission_pkey PRIMARY KEY (id);


--
-- Name: auth_user_groups auth_user_groups_pkey; Type: CONSTRAINT; Schema: public; Owner: postgres
--

ALTER TABLE ONLY public.auth_user_groups
    ADD CONSTRAINT auth_user_groups_pkey PRIMARY KEY (id);


--
-- Name: auth_user_groups auth_user_groups_user_id_group_id_94350c0c_uniq; Type: CONSTRAINT; Schema: public; Owner: postgres
--

ALTER TABLE ONLY public.auth_user_groups
    ADD CONSTRAINT auth_user_groups_user_id_group_id_94350c0c_uniq UNIQUE (user_id, group_id);


--
-- Name: auth_user auth_user_pkey; Type: CONSTRAINT; Schema: public; Owner: postgres
--

ALTER TABLE ONLY public.auth_user
    ADD CONSTRAINT auth_user_pkey PRIMARY KEY (id);


--
-- Name: auth_user_user_permissions auth_user_user_permissions_pkey; Type: CONSTRAINT; Schema: public; Owner: postgres
--

ALTER TABLE ONLY public.auth_user_user_permissions
    ADD CONSTRAINT auth_user_user_permissions_pkey PRIMARY KEY (id);


--
-- Name: auth_user_user_permissions auth_user_user_permissions_user_id_permission_id_14a6b632_uniq; Type: CONSTRAINT; Schema: public; Owner: postgres
--

ALTER TABLE ONLY public.auth_user_user_permissions
    ADD CONSTRAINT auth_user_user_permissions_user_id_permission_id_14a6b632_uniq UNIQUE (user_id, permission_id);


--
-- Name: auth_user auth_user_username_key; Type: CONSTRAINT; Schema: public; Owner: postgres
--

ALTER TABLE ONLY public.auth_user
    ADD CONSTRAINT auth_user_username_key UNIQUE (username);


--
-- Name: authtoken_token authtoken_token_pkey; Type: CONSTRAINT; Schema: public; Owner: postgres
--

ALTER TABLE ONLY public.authtoken_token
    ADD CONSTRAINT authtoken_token_pkey PRIMARY KEY (key);


--
-- Name: authtoken_token authtoken_token_user_id_key; Type: CONSTRAINT; Schema: public; Owner: postgres
--

ALTER TABLE ONLY public.authtoken_token
    ADD CONSTRAINT authtoken_token_user_id_key UNIQUE (user_id);


--
-- Name: django_admin_log django_admin_log_pkey; Type: CONSTRAINT; Schema: public; Owner: postgres
--

ALTER TABLE ONLY public.django_admin_log
    ADD CONSTRAINT django_admin_log_pkey PRIMARY KEY (id);


--
-- Name: django_content_type django_content_type_app_label_model_76bd3d3b_uniq; Type: CONSTRAINT; Schema: public; Owner: postgres
--

ALTER TABLE ONLY public.django_content_type
    ADD CONSTRAINT django_content_type_app_label_model_76bd3d3b_uniq UNIQUE (app_label, model);


--
-- Name: django_content_type django_content_type_pkey; Type: CONSTRAINT; Schema: public; Owner: postgres
--

ALTER TABLE ONLY public.django_content_type
    ADD CONSTRAINT django_content_type_pkey PRIMARY KEY (id);


--
-- Name: django_migrations django_migrations_pkey; Type: CONSTRAINT; Schema: public; Owner: postgres
--

ALTER TABLE ONLY public.django_migrations
    ADD CONSTRAINT django_migrations_pkey PRIMARY KEY (id);


--
-- Name: django_session django_session_pkey; Type: CONSTRAINT; Schema: public; Owner: postgres
--

ALTER TABLE ONLY public.django_session
    ADD CONSTRAINT django_session_pkey PRIMARY KEY (session_key);


--
-- Name: products products_pkey; Type: CONSTRAINT; Schema: public; Owner: postgres
--

ALTER TABLE ONLY public.products
    ADD CONSTRAINT products_pkey PRIMARY KEY (id);


--
-- Name: auth_group_name_a6ea08ec_like; Type: INDEX; Schema: public; Owner: postgres
--

CREATE INDEX auth_group_name_a6ea08ec_like ON public.auth_group USING btree (name varchar_pattern_ops);


--
-- Name: auth_group_permissions_group_id_b120cbf9; Type: INDEX; Schema: public; Owner: postgres
--

CREATE INDEX auth_group_permissions_group_id_b120cbf9 ON public.auth_group_permissions USING btree (group_id);


--
-- Name: auth_group_permissions_permission_id_84c5c92e; Type: INDEX; Schema: public; Owner: postgres
--

CREATE INDEX auth_group_permissions_permission_id_84c5c92e ON public.auth_group_permissions USING btree (permission_id);


--
-- Name: auth_permission_content_type_id_2f476e4b; Type: INDEX; Schema: public; Owner: postgres
--

CREATE INDEX auth_permission_content_type_id_2f476e4b ON public.auth_permission USING btree (content_type_id);


--
-- Name: auth_user_groups_group_id_97559544; Type: INDEX; Schema: public; Owner: postgres
--

CREATE INDEX auth_user_groups_group_id_97559544 ON public.auth_user_groups USING btree (group_id);


--
-- Name: auth_user_groups_user_id_6a12ed8b; Type: INDEX; Schema: public; Owner: postgres
--

CREATE INDEX auth_user_groups_user_id_6a12ed8b ON public.auth_user_groups USING btree (user_id);


--
-- Name: auth_user_user_permissions_permission_id_1fbb5f2c; Type: INDEX; Schema: public; Owner: postgres
--

CREATE INDEX auth_user_user_permissions_permission_id_1fbb5f2c ON public.auth_user_user_permissions USING btree (permission_id);


--
-- Name: auth_user_user_permissions_user_id_a95ead1b; Type: INDEX; Schema: public; Owner: postgres
--

CREATE INDEX auth_user_user_permissions_user_id_a95ead1b ON public.auth_user_user_permissions USING btree (user_id);


--
-- Name: auth_user_username_6821ab7c_like; Type: INDEX; Schema: public; Owner: postgres
--

CREATE INDEX auth_user_username_6821ab7c_like ON public.auth_user USING btree (username varchar_pattern_ops);


--
-- Name: authtoken_token_key_10f0b77e_like; Type: INDEX; Schema: public; Owner: postgres
--

CREATE INDEX authtoken_token_key_10f0b77e_like ON public.authtoken_token USING btree (key varchar_pattern_ops);


--
-- Name: django_admin_log_content_type_id_c4bce8eb; Type: INDEX; Schema: public; Owner: postgres
--

CREATE INDEX django_admin_log_content_type_id_c4bce8eb ON public.django_admin_log USING btree (content_type_id);


--
-- Name: django_admin_log_user_id_c564eba6; Type: INDEX; Schema: public; Owner: postgres
--

CREATE INDEX django_admin_log_user_id_c564eba6 ON public.django_admin_log USING btree (user_id);


--
-- Name: django_session_expire_date_a5c62663; Type: INDEX; Schema: public; Owner: postgres
--

CREATE INDEX django_session_expire_date_a5c62663 ON public.django_session USING btree (expire_date);


--
-- Name: django_session_session_key_c0390e0f_like; Type: INDEX; Schema: public; Owner: postgres
--

CREATE INDEX django_session_session_key_c0390e0f_like ON public.django_session USING btree (session_key varchar_pattern_ops);


--
-- Name: auth_group_permissions auth_group_permissio_permission_id_84c5c92e_fk_auth_perm; Type: FK CONSTRAINT; Schema: public; Owner: postgres
--

ALTER TABLE ONLY public.auth_group_permissions
    ADD CONSTRAINT auth_group_permissio_permission_id_84c5c92e_fk_auth_perm FOREIGN KEY (permission_id) REFERENCES public.auth_permission(id) DEFERRABLE INITIALLY DEFERRED;


--
-- Name: auth_group_permissions auth_group_permissions_group_id_b120cbf9_fk_auth_group_id; Type: FK CONSTRAINT; Schema: public; Owner: postgres
--

ALTER TABLE ONLY public.auth_group_permissions
    ADD CONSTRAINT auth_group_permissions_group_id_b120cbf9_fk_auth_group_id FOREIGN KEY (group_id) REFERENCES public.auth_group(id) DEFERRABLE INITIALLY DEFERRED;


--
-- Name: auth_permission auth_permission_content_type_id_2f476e4b_fk_django_co; Type: FK CONSTRAINT; Schema: public; Owner: postgres
--

ALTER TABLE ONLY public.auth_permission
    ADD CONSTRAINT auth_permission_content_type_id_2f476e4b_fk_django_co FOREIGN KEY (content_type_id) REFERENCES public.django_content_type(id) DEFERRABLE INITIALLY DEFERRED;


--
-- Name: auth_user_groups auth_user_groups_group_id_97559544_fk_auth_group_id; Type: FK CONSTRAINT; Schema: public; Owner: postgres
--

ALTER TABLE ONLY public.auth_user_groups
    ADD CONSTRAINT auth_user_groups_group_id_97559544_fk_auth_group_id FOREIGN KEY (group_id) REFERENCES public.auth_group(id) DEFERRABLE INITIALLY DEFERRED;


--
-- Name: auth_user_groups auth_user_groups_user_id_6a12ed8b_fk_auth_user_id; Type: FK CONSTRAINT; Schema: public; Owner: postgres
--

ALTER TABLE ONLY public.auth_user_groups
    ADD CONSTRAINT auth_user_groups_user_id_6a12ed8b_fk_auth_user_id FOREIGN KEY (user_id) REFERENCES public.auth_user(id) DEFERRABLE INITIALLY DEFERRED;


--
-- Name: auth_user_user_permissions auth_user_user_permi_permission_id_1fbb5f2c_fk_auth_perm; Type: FK CONSTRAINT; Schema: public; Owner: postgres
--

ALTER TABLE ONLY public.auth_user_user_permissions
    ADD CONSTRAINT auth_user_user_permi_permission_id_1fbb5f2c_fk_auth_perm FOREIGN KEY (permission_id) REFERENCES public.auth_permission(id) DEFERRABLE INITIALLY DEFERRED;


--
-- Name: auth_user_user_permissions auth_user_user_permissions_user_id_a95ead1b_fk_auth_user_id; Type: FK CONSTRAINT; Schema: public; Owner: postgres
--

ALTER TABLE ONLY public.auth_user_user_permissions
    ADD CONSTRAINT auth_user_user_permissions_user_id_a95ead1b_fk_auth_user_id FOREIGN KEY (user_id) REFERENCES public.auth_user(id) DEFERRABLE INITIALLY DEFERRED;


--
-- Name: authtoken_token authtoken_token_user_id_35299eff_fk_auth_user_id; Type: FK CONSTRAINT; Schema: public; Owner: postgres
--

ALTER TABLE ONLY public.authtoken_token
    ADD CONSTRAINT authtoken_token_user_id_35299eff_fk_auth_user_id FOREIGN KEY (user_id) REFERENCES public.auth_user(id) DEFERRABLE INITIALLY DEFERRED;


--
-- Name: django_admin_log django_admin_log_content_type_id_c4bce8eb_fk_django_co; Type: FK CONSTRAINT; Schema: public; Owner: postgres
--

ALTER TABLE ONLY public.django_admin_log
    ADD CONSTRAINT django_admin_log_content_type_id_c4bce8eb_fk_django_co FOREIGN KEY (content_type_id) REFERENCES public.django_content_type(id) DEFERRABLE INITIALLY DEFERRED;


--
-- Name: django_admin_log django_admin_log_user_id_c564eba6_fk_auth_user_id; Type: FK CONSTRAINT; Schema: public; Owner: postgres
--

ALTER TABLE ONLY public.django_admin_log
    ADD CONSTRAINT django_admin_log_user_id_c564eba6_fk_auth_user_id FOREIGN KEY (user_id) REFERENCES public.auth_user(id) DEFERRABLE INITIALLY DEFERRED;


--
-- PostgreSQL database dump complete
--

